{"cameraMode":{"drawMode":0,"name":"Shaded","section":"Shading Mode"},"sceneLighting":false,"audioPlay":false,"sceneViewState":{"m_AlwaysRefresh":false,"showFog":true,"showSkybox":false,"showFlares":true,"showImageEffects":true,"showParticleSystems":true,"showVisualEffectGraphs":true,"m_FxEnabled":true},"in2DMode":false,"pivot":{"x":0.15024936199188233,"y":1.2507609128952027,"z":-0.1598367691040039},"rotation":{"x":0.02364036813378334,"y":0.37451034784317019,"z":-0.009552083909511567,"w":0.9268722534179688},"size":2.410188674926758,"orthographic":true}