{"cameraMode":{"drawMode":0,"name":"Shaded","section":"Shading Mode"},"sceneLighting":false,"audioPlay":false,"sceneViewState":{"m_AlwaysRefresh":false,"showFog":true,"showSkybox":false,"showFlares":true,"showImageEffects":true,"showParticleSystems":true,"showVisualEffectGraphs":true,"m_FxEnabled":true},"in2DMode":false,"pivot":{"x":3.6500000953674318,"y":2.9300003051757814,"z":3.3499999046325685},"rotation":{"x":0.0749298557639122,"y":9.257406219376208e-8,"z":-0.0000014341417227115017,"w":0.9971922039985657},"size":5.559884071350098,"orthographic":true}