{"cameraMode":{"drawMode":0,"name":"Shaded","section":"Shading Mode"},"sceneLighting":false,"audioPlay":false,"sceneViewState":{"m_AlwaysRefresh":false,"showFog":true,"showSkybox":false,"showFlares":true,"showImageEffects":true,"showParticleSystems":true,"showVisualEffectGraphs":true,"m_FxEnabled":true},"in2DMode":false,"pivot":{"x":-0.0000057220458984375,"y":1.1852390766143799,"z":-7.619998931884766},"rotation":{"x":0.0017960696713998914,"y":0.9981698989868164,"z":-0.038346800953149798,"w":0.04674466326832771},"size":8.688618659973145,"orthographic":true}