{"cameraMode":{"drawMode":0,"name":"Shaded","section":"Shading Mode"},"sceneLighting":false,"audioPlay":false,"sceneViewState":{"m_AlwaysRefresh":false,"showFog":true,"showSkybox":false,"showFlares":true,"showImageEffects":true,"showParticleSystems":true,"showVisualEffectGraphs":true,"m_FxEnabled":true},"in2DMode":false,"pivot":{"x":-0.0000057220458984375,"y":1.1852390766143799,"z":-7.619998931884766},"rotation":{"x":-0.11604584008455277,"y":0.6659834384918213,"z":-0.10597921162843704,"w":-0.7292320132255554},"size":11.82400894165039,"orthographic":false}